variantId,type,nAlteringInBucket,nNonAlteringInBucket,alteringProportionInBucket,stderr,totalInBucket,confidenceInterval,consequenceScore,studyType,bucket,MAF,minRange,maxRange,midPoint,stderrAbsEstimatedBeta,meanAbsEstimatedBeta,intervalAbsEstimatedBeta,totals
11_4388369_G_A,in-gene-effect,47,109,0.30128205128205127,0.03673459705618567,156,0.0719998102301239,0.33,cis-pqtl,0.0-0.05,0.013822498406628426,0.0,0.05,0.025,0.030138288366613218,0.721801297470948,0.059071045198561906,cis-pqtl (N=783)
10_100199013_C_T,in-gene-effect,273,7162,0.0367182246133154,0.0021811072561320898,7435,0.004274970222018896,0.1,eqtl,0.0-0.05,0.046284588467080306,0.0,0.05,0.025,0.006443419600524215,1.6044910612939332,0.01262910241702746,"eqtl (N=83,432)"
10_101281281_C_T,in-gene-effect,342,794,0.301056338028169,0.013609927357526417,1136,0.026675457620751776,0.1,gwas-disease,0.0-0.05,0.008451656524678837,0.0,0.05,0.025,0.012075814693870795,0.45204323438817856,0.023668596799986757,"gwas-disease (N=5,886)"
10_100564926_G_A,in-gene-effect,1894,5044,0.2729893341020467,0.0053484271289968655,6938,0.010482917172833856,0.0,gwas-measurement,0.0-0.05,0.01846787237171004,0.0,0.05,0.025,0.003255644525907798,0.1976445094915209,0.006381063270779284,"gwas-measurement (N=30,708)"
10_45620100_A_G,in-gene-effect,22,64,0.2558139534883721,0.0470493524519882,86,0.09221673080589687,0.1,cis-pqtl,0.05-0.1,0.06896501029109085,0.05,0.1,0.075,0.03036171778735576,0.4423116655903724,0.059508966863217286,cis-pqtl (N=783)
10_100196385_GT_G,in-gene-effect,261,7305,0.0344964314036479,0.0020981225833689725,7566,0.004112320263403186,0.1,eqtl,0.05-0.1,0.05429532660471004,0.05,0.1,0.075,0.00475640443966068,1.1163534168329214,0.009322552701734932,"eqtl (N=83,432)"
10_103069712_C_T,in-gene-effect,140,436,0.24305555555555555,0.01787201570217854,576,0.03502915077626994,0.1,gwas-disease,0.05-0.1,0.06919163701590848,0.05,0.1,0.075,0.009418280903257165,0.20289530428110802,0.018459830570384042,"gwas-disease (N=5,886)"
10_100687890_C_A,in-gene-effect,513,2611,0.16421254801536492,0.006628199637792569,3124,0.012991271290073436,0.0,gwas-measurement,0.05-0.1,0.09590108500690994,0.05,0.1,0.075,0.0022943729491526014,0.08122853524888998,0.004496970980339098,"gwas-measurement (N=30,708)"
14_23563818_G_A,in-gene-effect,22,61,0.26506024096385544,0.04844613324916286,83,0.0949544211683592,0.66,cis-pqtl,0.1-0.15,0.1444972710939354,0.1,0.15,0.125,0.025999532543607557,0.4013355135099399,0.05095908378547081,cis-pqtl (N=783)
10_100329679_G_A,in-gene-effect,209,7710,0.026392221240055563,0.001801336369479206,7919,0.003530619284179244,0.1,eqtl,0.1-0.15,0.1311198069907026,0.1,0.15,0.125,0.004072680834652313,0.9571928739379263,0.007982454435918534,"eqtl (N=83,432)"
10_103720629_T_A,in-gene-effect,42,421,0.09071274298056156,0.013347324113722915,463,0.026160755262896913,0.1,gwas-disease,0.1-0.15,0.13168185827697737,0.1,0.15,0.125,0.007808869149476851,0.15940832296654128,0.015305383532974627,"gwas-disease (N=5,886)"
10_101471884_A_G,in-gene-effect,180,2186,0.0760777683854607,0.005450536106421111,2366,0.010683050768585377,0.1,gwas-measurement,0.1-0.15,0.12590425219078985,0.1,0.15,0.125,0.0018910882391096299,0.06887458050945365,0.0037065329486548745,"gwas-measurement (N=30,708)"
11_620927_A_C,in-gene-effect,8,51,0.13559322033898305,0.04457096777528175,59,0.08735909683955223,0.1,cis-pqtl,0.15-0.2,0.1719007534730398,0.15,0.2,0.175,0.02862619435695319,0.39521607209590665,0.05610734093962825,cis-pqtl (N=783)
10_101025292_T_C,in-gene-effect,145,7901,0.018021377081779765,0.001483047256004219,8046,0.0029067726217682694,0.1,eqtl,0.15-0.2,0.18583119903441372,0.15,0.2,0.175,0.003692848296460669,0.8713503968100711,0.007237982661062911,"eqtl (N=83,432)"
10_103565017_C_T,in-gene-effect,63,459,0.1206896551724138,0.014258402262191064,522,0.027946468433894485,0.1,gwas-disease,0.15-0.2,0.15767872903795233,0.15,0.2,0.175,0.006792733279466273,0.14603250980680754,0.013313757227753895,"gwas-disease (N=5,886)"
10_100315722_G_A,in-gene-effect,278,2336,0.1063504208110176,0.0060297657739397945,2614,0.011818340916921997,0.1,gwas-measurement,0.15-0.2,0.18608519030938153,0.15,0.2,0.175,0.0021276813647414477,0.06415554765469515,0.004170255474893238,"gwas-measurement (N=30,708)"
11_112205864_G_C,in-gene-effect,15,59,0.20270270270270271,0.04673304245417022,74,0.09159676321017363,0.1,cis-pqtl,0.2-0.25,0.23564114635438121,0.2,0.25,0.225,0.021773459898064017,0.32950806764815044,0.042675981400205475,cis-pqtl (N=783)
10_100450815_G_A,in-gene-effect,177,8057,0.021496235122662133,0.0015982952950439116,8234,0.0031326587782860666,0.0,eqtl,0.2-0.25,0.22647589203890384,0.2,0.25,0.225,0.0034420852290206467,0.813878994284229,0.006746487048880467,"eqtl (N=83,432)"
10_112759703_T_G,in-gene-effect,51,441,0.10365853658536585,0.013742214675358208,492,0.026934740763702086,0.1,gwas-disease,0.2-0.25,0.24788827736409924,0.2,0.25,0.225,0.007638606134541307,0.13885169524491128,0.014971668023700962,"gwas-disease (N=5,886)"
10_100315722_G_A,in-gene-effect,166,2381,0.0651747153513938,0.00489091735442629,2547,0.009586198014675529,0.1,gwas-measurement,0.2-0.25,0.2243455497382199,0.2,0.25,0.225,0.00229212241799832,0.06103399468927168,0.004492559939276708,"gwas-measurement (N=30,708)"
1_171651439_A_G,in-gene-effect,9,47,0.16071428571428573,0.049078145427477016,56,0.09619316503785495,0.1,cis-pqtl,0.25-0.3,0.29291769692688097,0.25,0.3,0.275,0.03527114429214245,0.3365242450322668,0.06913144281259921,cis-pqtl (N=783)
10_100889008_A_G,in-gene-effect,155,8514,0.01787980159187911,0.0014232433640892805,8669,0.0027895569936149897,0.0,eqtl,0.25-0.3,0.25561078918728125,0.25,0.3,0.275,0.003270432670613233,0.7811840789756973,0.006410048034401937,"eqtl (N=83,432)"
10_111101172_G_A,in-gene-effect,40,494,0.0749063670411985,0.011391517576366798,534,0.022327374449678923,0.0,gwas-disease,0.25-0.3,0.29322522734630213,0.25,0.3,0.275,0.005352353135194836,0.11590105564277157,0.010490612144981879,"gwas-disease (N=5,886)"
10_101607080_A_C,in-gene-effect,100,2393,0.04011231448054553,0.0039299582037442375,2493,0.007702718079338706,0.1,gwas-measurement,0.25-0.3,0.27198505398805495,0.25,0.3,0.275,0.0016840730645420765,0.04482365068054441,0.00330078320650247,"gwas-measurement (N=30,708)"
12_7097267_A_G,in-gene-effect,8,54,0.12903225806451613,0.04257496887716709,62,0.08344693899924749,0.1,cis-pqtl,0.3-0.35,0.342494757094162,0.3,0.35,0.325,0.025504087056363034,0.2803420886399911,0.04998801063047154,cis-pqtl (N=783)
10_101031042_C_A,in-gene-effect,167,8493,0.01928406466512702,0.0014777874008827002,8660,0.0028964633057300924,0.1,eqtl,0.3-0.35,0.33854243163058484,0.3,0.35,0.325,0.0031530541605339305,0.7497720282188367,0.006179986154646504,"eqtl (N=83,432)"
10_110425838_G_A,in-gene-effect,27,476,0.0536779324055666,0.010049243760379528,503,0.019696517770343876,0.1,gwas-disease,0.3-0.35,0.33335294290672707,0.3,0.35,0.325,0.00482150814909738,0.10839489739614515,0.009450155972230864,"gwas-disease (N=5,886)"
10_100866753_G_T,in-gene-effect,166,2573,0.06060606060606061,0.0045591710759251836,2739,0.008935975308813359,0.0,gwas-measurement,0.3-0.35,0.34107090320682554,0.3,0.35,0.325,0.0028057471616433284,0.06484469078661609,0.005499264436820923,"gwas-measurement (N=30,708)"
10_124474595_C_T,in-gene-effect,8,59,0.11940298507462686,0.03961492109774455,67,0.07764524535157932,0.1,cis-pqtl,0.35-0.4,0.3826715332764254,0.35,0.4,0.375,0.01796328989787693,0.2829979573918988,0.03520804819983878,cis-pqtl (N=783)
10_100144392_A_ACGTG,in-gene-effect,183,8610,0.020812009553053564,0.0015223745350973384,8793,0.002983854088790783,0.0,eqtl,0.35-0.4,0.38741419438470376,0.35,0.4,0.375,0.0030314973852704854,0.7217415833116424,0.005941734875130151,"eqtl (N=83,432)"
10_103841452_C_T,in-gene-effect,40,446,0.0823045267489712,0.012466456361334267,486,0.024434254468215164,0.1,gwas-disease,0.35-0.4,0.3518071224483785,0.35,0.4,0.375,0.004458567396942509,0.0988646444276648,0.008738792098007318,"gwas-disease (N=5,886)"
10_100130860_A_G,in-gene-effect,98,2354,0.0399673735725938,0.003955811314704721,2452,0.007753390176821253,0.1,gwas-measurement,0.35-0.4,0.3874142953829856,0.35,0.4,0.375,0.0011787690157247443,0.03918696333941109,0.002310387270820499,"gwas-measurement (N=30,708)"
12_7131705_C_T,in-gene-effect,8,72,0.1,0.03354101966249685,80,0.06574039853849382,0.1,cis-pqtl,0.4-0.45,0.4347890180382207,0.4,0.45,0.425,0.01954887741898489,0.26629222914191275,0.03831579974121039,cis-pqtl (N=783)
10_100267650_C_T,in-gene-effect,150,8817,0.01672800267648043,0.0013543636691256838,8967,0.00265455279148634,0.0,eqtl,0.4-0.45,0.4397163362312122,0.4,0.45,0.425,0.0029551147660471745,0.71472674950395,0.005792024941452462,"eqtl (N=83,432)"
10_121577821_A_G,in-gene-effect,39,590,0.06200317965023847,0.009615731790934931,629,0.018846834310232465,0.1,gwas-disease,0.4-0.45,0.4091243995166661,0.4,0.45,0.425,0.003739295079624122,0.09678207384452674,0.007329018356063279,"gwas-disease (N=5,886)"
10_103770328_C_T,in-gene-effect,309,2539,0.10849719101123595,0.005827745969733783,2848,0.011422382100678216,0.1,gwas-measurement,0.4-0.45,0.4032338747645951,0.4,0.45,0.425,0.0011209485316567847,0.04346346402893111,0.002197059122047298,"gwas-measurement (N=30,708)"
13_113100671_T_G,in-gene-effect,8,52,0.13333333333333333,0.043885372573625556,60,0.08601533024430609,0.0,cis-pqtl,0.45-0.5,0.46664019062748213,0.45,0.5,0.475,0.02825059062557777,0.27482796616717836,0.05537115762613243,cis-pqtl (N=783)
10_100999898_C_T,in-gene-effect,140,9003,0.015312260745925845,0.001284176041824314,9143,0.0025169850419756554,0.1,eqtl,0.45-0.5,0.4999118916855121,0.45,0.5,0.475,0.0029023656711440232,0.7139023982564618,0.005688636715442286,"eqtl (N=83,432)"
10_121576980_C_T,in-gene-effect,18,527,0.03302752293577982,0.007655028408495559,545,0.015003855680651296,0.1,gwas-disease,0.45-0.5,0.47458762579646285,0.45,0.5,0.475,0.004422597149029434,0.0973231813861221,0.008668290412097691,"gwas-disease (N=5,886)"
10_100152437_C_T,in-gene-effect,79,2508,0.030537301894085815,0.0033828494362184397,2587,0.006630384894988141,0.1,gwas-measurement,0.45-0.5,0.473070263172968,0.45,0.5,0.475,0.0012286762039623283,0.03849684396115708,0.0024082053597661635,"gwas-measurement (N=30,708)"
