2025-12-17 15:36:18.082626	https://www.encodeproject.org/report/?type=File&searchTerm=epiraction&file_format=bed&annotation_type=element+gene+regulatory+interaction+predictions&output_type=element+gene+links&output_category=annotation&limit=all
ID	Title	Accession	Dataset	Genome assembly	Technical replicates	Biological replicates	File Format	File type	File format type	File size	Assay term name	Biosample name	Organ	Simple biosample summary	Batch	Target label	Download URL	Derived from	Genome annotation	Library	Paired end identifier	Paired with	Preferred Default	Run type	Read length	Mapped read length (nt)	Cropped read length (nt)	Cropped read length tolerance (nt)	Mapped run type for bam files	Read length units	Output category	Output type	Index of	QC Metric	Lab	Project	Analysis step run	Date created	Analysis step version	Restricted file	Submitter comment	Status	Annotation type	Annotation subtype	Biochemical activity	Encyclopedia version
/files/ENCFF168ZCQ/	ENCFF168ZCQ	ENCFF168ZCQ	/annotations/ENCSR890GKL/	GRCh38			bed	bed bed3+	bed3+	24879004	ChIP-seq,RNA-seq,HiC,DNase-seq	amygdala	brain				/files/ENCFF168ZCQ/@@download/ENCFF168ZCQ.bed.gz	/files/ENCFF333TDD/,/files/ENCFF898HEK/,/files/ENCFF344RYW/,/files/ENCFF206ZKI/,/files/ENCFF266UVR/,/files/ENCFF233BJK/,/files/ENCFF170KLZ/,/files/ENCFF800AYJ/,/files/ENCFF994GNG/	V40												annotation	element gene links			Roderic Guigo, CRG	ENCODE	/analysis-step-runs/e4f37b5e-661f-475a-8507-1681bb864707/	2023-07-21T18:26:06.421975+00:00	/analysis-step-versions/element-gene-link-prediction-step-v-1-1/			released	element gene regulatory interaction predictions
/files/ENCFF907XTQ/	ENCFF907XTQ	ENCFF907XTQ	/annotations/ENCSR436EFM/	GRCh38			bed	bed bed3+	bed3+	25639587	ChIP-seq,RNA-seq,HiC,DNase-seq	cerebral cortex	brain				/files/ENCFF907XTQ/@@download/ENCFF907XTQ.bed.gz	/files/ENCFF920NNM/,/files/ENCFF101SPQ/,/files/ENCFF344RYW/,/files/ENCFF206ZKI/,/files/ENCFF266UVR/,/files/ENCFF233BJK/,/files/ENCFF170KLZ/,/files/ENCFF800AYJ/,/files/ENCFF994GNG/,/files/ENCFF186CZK/,/files/ENCFF284EJX/,/files/ENCFF682YSX/	V40												annotation	element gene links			Roderic Guigo, CRG	ENCODE	/analysis-step-runs/e4f37b5e-661f-475a-8507-1681bb864707/	2023-07-21T18:26:55.995691+00:00	/analysis-step-versions/element-gene-link-prediction-step-v-1-1/			released	element gene regulatory interaction predictions
/files/ENCFF975NMZ/	ENCFF975NMZ	ENCFF975NMZ	/annotations/ENCSR718BOT/	GRCh38			bed	bed bed3+	bed3+	16515318	ChIP-seq,RNA-seq,HiC,ATAC-seq	mesenchymal stem cell	connective tissue				/files/ENCFF975NMZ/@@download/ENCFF975NMZ.bed.gz	/files/ENCFF534FXE/,/files/ENCFF148BLD/,/files/ENCFF955BPJ/	V40												annotation	element gene links			Roderic Guigo, CRG	ENCODE	/analysis-step-runs/e4f37b5e-661f-475a-8507-1681bb864707/	2023-07-21T18:55:44.999251+00:00	/analysis-step-versions/element-gene-link-prediction-step-v-1-1/			released	element gene regulatory interaction predictions
/files/ENCFF343NJW/	ENCFF343NJW	ENCFF343NJW	/annotations/ENCSR875YKM/	GRCh38			bed	bed bed3+	bed3+	19247561	ChIP-seq,RNA-seq,HiC,ATAC-seq	myometrial cell	uterus				/files/ENCFF343NJW/@@download/ENCFF343NJW.bed.gz	/files/ENCFF475SDD/,/files/ENCFF312HPC/,/files/ENCFF368TVJ/,/files/ENCFF246RZC/	V40												annotation	element gene links			Roderic Guigo, CRG	ENCODE	/analysis-step-runs/e4f37b5e-661f-475a-8507-1681bb864707/	2023-07-21T19:15:14.022340+00:00	/analysis-step-versions/element-gene-link-prediction-step-v-1-1/			released	element gene regulatory interaction predictions
/files/ENCFF350KTA/	ENCFF350KTA	ENCFF350KTA	/annotations/ENCSR844URJ/	GRCh38			bed	bed bed3+	bed3+	20165287	ChIP-seq,RNA-seq,HiC,DNase-seq	astrocyte	spinal cord,brain				/files/ENCFF350KTA/@@download/ENCFF350KTA.bed.gz	/files/ENCFF450PRF/,/files/ENCFF959BGU/,/files/ENCFF671XLC/,/files/ENCFF697FUJ/,/files/ENCFF636MYO/,/files/ENCFF688FWV/,/files/ENCFF529QIW/,/files/ENCFF430BGM/,/files/ENCFF842PBK/,/files/ENCFF251SDF/,/files/ENCFF245XQY/,/files/ENCFF627YWW/,/files/ENCFF751GCN/	V40												annotation	element gene links			Roderic Guigo, CRG	ENCODE	/analysis-step-runs/e4f37b5e-661f-475a-8507-1681bb864707/	2023-07-21T18:50:53.549538+00:00	/analysis-step-versions/element-gene-link-prediction-step-v-1-1/			released	element gene regulatory interaction predictions
/files/ENCFF921KNE/	ENCFF921KNE	ENCFF921KNE	/annotations/ENCSR384TCF/	GRCh38			bed	bed bed3+	bed3+	21485676	ChIP-seq,RNA-seq,HiC,ATAC-seq	skin epidermis	epithelium,skin of body				/files/ENCFF921KNE/@@download/ENCFF921KNE.bed.gz	/files/ENCFF521DXR/,/files/ENCFF681VLN/,/files/ENCFF808FPH/,/files/ENCFF590ZLV/,/files/ENCFF878YIH/,/files/ENCFF639VRE/,/files/ENCFF385QAZ/,/files/ENCFF776JNR/,/files/ENCFF183ADT/,/files/ENCFF908JET/,/files/ENCFF032EHZ/,/files/ENCFF303XXZ/,/files/ENCFF319LCS/,/files/ENCFF343QIC/,/files/ENCFF554KFX/,/files/ENCFF763SFH/,/files/ENCFF794LAA/,/files/ENCFF830XDO/,/files/ENCFF863ICS/,/files/ENCFF950LVH/	V40												annotation	element gene links			Roderic Guigo, CRG	ENCODE	/analysis-step-runs/e4f37b5e-661f-475a-8507-1681bb864707/	2023-07-21T19:09:23.021196+00:00	/analysis-step-versions/element-gene-link-prediction-step-v-1-1/			released	element gene regulatory interaction predictions
/files/ENCFF010TVK/	ENCFF010TVK	ENCFF010TVK	/annotations/ENCSR515YKP/	GRCh38			bed	bed bed3+	bed3+	15763688	ChIP-seq,RNA-seq,HiC,ATAC-seq	embryonic stem cell	embryo				/files/ENCFF010TVK/@@download/ENCFF010TVK.bed.gz	/files/ENCFF726JRV/,/files/ENCFF824WNH/,/files/ENCFF321HCT/,/files/ENCFF279PIX/,/files/ENCFF825VIZ/,/files/ENCFF672OBL/,/files/ENCFF427UWH/,/files/ENCFF756CWI/,/files/ENCFF911RKE/,/files/ENCFF977VVO/,/files/ENCFF211NCD/,/files/ENCFF328UPD/,/files/ENCFF621NFH/,/files/ENCFF923EZY/,/files/ENCFF986PCY/	V40												annotation	element gene links			Roderic Guigo, CRG	ENCODE	/analysis-step-runs/e4f37b5e-661f-475a-8507-1681bb864707/	2023-07-21T19:05:37.685672+00:00	/analysis-step-versions/element-gene-link-prediction-step-v-1-1/			released	element gene regulatory interaction predictions
/files/ENCFF099AHL/	ENCFF099AHL	ENCFF099AHL	/annotations/ENCSR395KLU/	GRCh38			bed	bed bed3+	bed3+	14827059	ChIP-seq,RNA-seq,HiC,ATAC-seq	endometrium	uterus				/files/ENCFF099AHL/@@download/ENCFF099AHL.bed.gz	/files/ENCFF818WIT/,/files/ENCFF438VYZ/,/files/ENCFF305SOF/,/files/ENCFF688OYR/	V40												annotation	element gene links			Roderic Guigo, CRG	ENCODE	/analysis-step-runs/e4f37b5e-661f-475a-8507-1681bb864707/	2023-07-21T18:58:32.859057+00:00	/analysis-step-versions/element-gene-link-prediction-step-v-1-1/			released	element gene regulatory interaction predictions
/files/ENCFF610IWG/	ENCFF610IWG	ENCFF610IWG	/annotations/ENCSR457GKL/	GRCh38			bed	bed bed3+	bed3+	25215100	ChIP-seq,RNA-seq,HiC,ATAC-seq	pancreas	pancreas				/files/ENCFF610IWG/@@download/ENCFF610IWG.bed.gz	/files/ENCFF636YWI/,/files/ENCFF651XCU/,/files/ENCFF424WEG/,/files/ENCFF922AMD/,/files/ENCFF446FCI/,/files/ENCFF499TDM/,/files/ENCFF978HXT/,/files/ENCFF773JMT/,/files/ENCFF995GSB/,/files/ENCFF170WSQ/,/files/ENCFF226CIO/,/files/ENCFF131ZOG/,/files/ENCFF306RJQ/,/files/ENCFF342YVM/,/files/ENCFF409AKL/,/files/ENCFF411PEL/,/files/ENCFF548KBM/,/files/ENCFF702NLW/,/files/ENCFF805WNA/,/files/ENCFF808EQQ/,/files/ENCFF858QYE/,/files/ENCFF859IVY/,/files/ENCFF948MEI/	V40												annotation	element gene links			Roderic Guigo, CRG	ENCODE	/analysis-step-runs/e4f37b5e-661f-475a-8507-1681bb864707/	2023-07-21T19:01:09.184507+00:00	/analysis-step-versions/element-gene-link-prediction-step-v-1-1/			released	element gene regulatory interaction predictions
/files/ENCFF605YKY/	ENCFF605YKY	ENCFF605YKY	/annotations/ENCSR701WTT/	GRCh38			bed	bed bed3+	bed3+	15905467	ChIP-seq,RNA-seq,HiC,ATAC-seq	CD8-positive, alpha-beta T cell	blood,bodily fluid				/files/ENCFF605YKY/@@download/ENCFF605YKY.bed.gz	/files/ENCFF579QWJ/,/files/ENCFF682YDY/,/files/ENCFF668OLF/,/files/ENCFF895DMP/,/files/ENCFF739DDD/,/files/ENCFF006ULZ/,/files/ENCFF104SXO/,/files/ENCFF135PTF/,/files/ENCFF169ABO/,/files/ENCFF191NJM/,/files/ENCFF272WIY/,/files/ENCFF336JYR/,/files/ENCFF377XTR/,/files/ENCFF415QNO/,/files/ENCFF424WUO/,/files/ENCFF519AHX/,/files/ENCFF525DJA/,/files/ENCFF526VJO/,/files/ENCFF594SKK/,/files/ENCFF665JYB/,/files/ENCFF697SJL/,/files/ENCFF721OCD/,/files/ENCFF724WVZ/,/files/ENCFF797TAU/,/files/ENCFF828MOZ/,/files/ENCFF830BQT/,/files/ENCFF848KXX/,/files/ENCFF891MQG/,/files/ENCFF926KJX/	V40												annotation	element gene links			Roderic Guigo, CRG	ENCODE	/analysis-step-runs/e4f37b5e-661f-475a-8507-1681bb864707/	2023-07-21T18:07:44.593959+00:00	/analysis-step-versions/element-gene-link-prediction-step-v-1-1/			released	element gene regulatory interaction predictions
/files/ENCFF259OPJ/	ENCFF259OPJ	ENCFF259OPJ	/annotations/ENCSR482OZI/	GRCh38			bed	bed bed3+	bed3+	20627438	ChIP-seq,RNA-seq,HiC,ATAC-seq	A549	lung				/files/ENCFF259OPJ/@@download/ENCFF259OPJ.bed.gz	/files/ENCFF358EYT/,/files/ENCFF183DZO/,/files/ENCFF616DYV/,/files/ENCFF701BDT/,/files/ENCFF607DTB/,/files/ENCFF244DNJ/,/files/ENCFF797BJM/,/files/ENCFF695TEO/,/files/ENCFF121YPY/,/files/ENCFF876LAW/,/files/ENCFF740KVX/,/files/ENCFF033GZF/,/files/ENCFF256RBI/,/files/ENCFF368DYG/,/files/ENCFF403ARJ/,/files/ENCFF830GYA/,/files/ENCFF944JOT/	V40												annotation	element gene links			Roderic Guigo, CRG	ENCODE	/analysis-step-runs/e4f37b5e-661f-475a-8507-1681bb864707/	2023-07-21T18:43:19.906359+00:00	/analysis-step-versions/element-gene-link-prediction-step-v-1-1/			released	element gene regulatory interaction predictions
/files/ENCFF618OQC/	ENCFF618OQC	ENCFF618OQC	/annotations/ENCSR992LCP/	GRCh38			bed	bed bed3+	bed3+	19775936	ChIP-seq,RNA-seq,HiC,ATAC-seq	fibroblast of lung	lung,connective tissue				/files/ENCFF618OQC/@@download/ENCFF618OQC.bed.gz	/files/ENCFF799FTF/,/files/ENCFF746DHU/,/files/ENCFF412KNK/,/files/ENCFF648AMH/,/files/ENCFF969QQJ/,/files/ENCFF946RTR/,/files/ENCFF383ALX/	V40												annotation	element gene links			Roderic Guigo, CRG	ENCODE	/analysis-step-runs/e4f37b5e-661f-475a-8507-1681bb864707/	2023-07-21T18:44:11.338110+00:00	/analysis-step-versions/element-gene-link-prediction-step-v-1-1/			released	element gene regulatory interaction predictions
/files/ENCFF628JJI/	ENCFF628JJI	ENCFF628JJI	/annotations/ENCSR949MFK/	GRCh38			bed	bed bed3+	bed3+	16684508	ChIP-seq,RNA-seq,HiC,ATAC-seq	dendritic cell					/files/ENCFF628JJI/@@download/ENCFF628JJI.bed.gz	/files/ENCFF616ZBK/,/files/ENCFF806TFV/,/files/ENCFF336BAC/,/files/ENCFF249AGS/,/files/ENCFF847LFX/,/files/ENCFF626TBC/,/files/ENCFF524VNU/,/files/ENCFF460ATD/,/files/ENCFF428JLL/,/files/ENCFF118DHW/,/files/ENCFF757WCV/,/files/ENCFF942NBZ/	V40												annotation	element gene links			Roderic Guigo, CRG	ENCODE	/analysis-step-runs/e4f37b5e-661f-475a-8507-1681bb864707/	2023-07-21T18:16:50.853338+00:00	/analysis-step-versions/element-gene-link-prediction-step-v-1-1/			released	element gene regulatory interaction predictions
/files/ENCFF701SJF/	ENCFF701SJF	ENCFF701SJF	/annotations/ENCSR062JVR/	GRCh38			bed	bed bed3+	bed3+	10250527	ChIP-seq,RNA-seq,HiC,ATAC-seq	HEK293	kidney,epithelium				/files/ENCFF701SJF/@@download/ENCFF701SJF.bed.gz	/files/ENCFF735FVL/,/files/ENCFF946ULO/	V40												annotation	element gene links			Roderic Guigo, CRG	ENCODE	/analysis-step-runs/e4f37b5e-661f-475a-8507-1681bb864707/	2023-07-21T18:39:47.503025+00:00	/analysis-step-versions/element-gene-link-prediction-step-v-1-1/			released	element gene regulatory interaction predictions
/files/ENCFF565DRM/	ENCFF565DRM	ENCFF565DRM	/annotations/ENCSR531XUX/	GRCh38			bed	bed bed3+	bed3+	15888221	ChIP-seq,RNA-seq,HiC,ATAC-seq	neural crest cell	embryo				/files/ENCFF565DRM/@@download/ENCFF565DRM.bed.gz	/files/ENCFF943UAW/,/files/ENCFF141VMY/,/files/ENCFF346DEM/	V40												annotation	element gene links			Roderic Guigo, CRG	ENCODE	/analysis-step-runs/e4f37b5e-661f-475a-8507-1681bb864707/	2023-07-21T18:27:46.530371+00:00	/analysis-step-versions/element-gene-link-prediction-step-v-1-1/			released	element gene regulatory interaction predictions
/files/ENCFF801AMS/	ENCFF801AMS	ENCFF801AMS	/annotations/ENCSR458GGJ/	GRCh38			bed	bed bed3+	bed3+	13828200	ChIP-seq,RNA-seq,HiC,ATAC-seq	neuronal stem cell	embryo				/files/ENCFF801AMS/@@download/ENCFF801AMS.bed.gz	/files/ENCFF282WUT/,/files/ENCFF397WDU/	V40												annotation	element gene links			Roderic Guigo, CRG	ENCODE	/analysis-step-runs/e4f37b5e-661f-475a-8507-1681bb864707/	2023-07-21T18:29:34.099702+00:00	/analysis-step-versions/element-gene-link-prediction-step-v-1-1/			released	element gene regulatory interaction predictions
/files/ENCFF392SXM/	ENCFF392SXM	ENCFF392SXM	/annotations/ENCSR075EAY/	GRCh38			bed	bed bed3+	bed3+	25783935	ChIP-seq,RNA-seq,HiC,ATAC-seq	liver	endocrine gland,liver,exocrine gland				/files/ENCFF392SXM/@@download/ENCFF392SXM.bed.gz	/files/ENCFF088ITO/,/files/ENCFF973QTZ/,/files/ENCFF854OTB/,/files/ENCFF825RZF/,/files/ENCFF513VDQ/,/files/ENCFF926HBS/,/files/ENCFF128BAY/,/files/ENCFF029CGS/,/files/ENCFF231BNJ/,/files/ENCFF238VFW/,/files/ENCFF275OLK/,/files/ENCFF352AAW/,/files/ENCFF591VUM/,/files/ENCFF853WPX/,/files/ENCFF950RRW/	V40												annotation	element gene links			Roderic Guigo, CRG	ENCODE	/analysis-step-runs/e4f37b5e-661f-475a-8507-1681bb864707/	2023-07-21T18:42:23.898155+00:00	/analysis-step-versions/element-gene-link-prediction-step-v-1-1/			released	element gene regulatory interaction predictions
/files/ENCFF923JRU/	ENCFF923JRU	ENCFF923JRU	/annotations/ENCSR288IVJ/	GRCh38			bed	bed bed3+	bed3+	23237872	ChIP-seq,RNA-seq,HiC,DNase-seq	kidney	kidney				/files/ENCFF923JRU/@@download/ENCFF923JRU.bed.gz	/files/ENCFF906INS/,/files/ENCFF416HJF/,/files/ENCFF698CEN/,/files/ENCFF868NOK/,/files/ENCFF722YGU/,/files/ENCFF871QBB/	V40												annotation	element gene links			Roderic Guigo, CRG	ENCODE	/analysis-step-runs/e4f37b5e-661f-475a-8507-1681bb864707/	2023-07-21T18:40:34.374627+00:00	/analysis-step-versions/element-gene-link-prediction-step-v-1-1/			released	element gene regulatory interaction predictions
/files/ENCFF398VGI/	ENCFF398VGI	ENCFF398VGI	/annotations/ENCSR602CHL/	GRCh38			bed	bed bed3+	bed3+	20925108	ChIP-seq,RNA-seq,HiC,DNase-seq	entorhinal cortex	brain				/files/ENCFF398VGI/@@download/ENCFF398VGI.bed.gz	/files/ENCFF356CPM/,/files/ENCFF506AFT/,/files/ENCFF344RYW/,/files/ENCFF206ZKI/,/files/ENCFF266UVR/,/files/ENCFF233BJK/,/files/ENCFF170KLZ/,/files/ENCFF800AYJ/,/files/ENCFF994GNG/	V40												annotation	element gene links			Roderic Guigo, CRG	ENCODE	/analysis-step-runs/e4f37b5e-661f-475a-8507-1681bb864707/	2023-07-21T18:23:49.260941+00:00	/analysis-step-versions/element-gene-link-prediction-step-v-1-1/			released	element gene regulatory interaction predictions
/files/ENCFF425GTZ/	ENCFF425GTZ	ENCFF425GTZ	/annotations/ENCSR157ZYU/	GRCh38			bed	bed bed3+	bed3+	15740500	ChIP-seq,RNA-seq,HiC,ATAC-seq	THP-1	blood,bodily fluid				/files/ENCFF425GTZ/@@download/ENCFF425GTZ.bed.gz	/files/ENCFF792EKW/,/files/ENCFF210DRQ/	V40												annotation	element gene links			Roderic Guigo, CRG	ENCODE	/analysis-step-runs/e4f37b5e-661f-475a-8507-1681bb864707/	2023-07-21T18:21:27.729264+00:00	/analysis-step-versions/element-gene-link-prediction-step-v-1-1/			released	element gene regulatory interaction predictions
/files/ENCFF133GRD/	ENCFF133GRD	ENCFF133GRD	/annotations/ENCSR414ISQ/	GRCh38			bed	bed bed3+	bed3+	16504393	ChIP-seq,RNA-seq,HiC,ATAC-seq	B cell	blood,bodily fluid				/files/ENCFF133GRD/@@download/ENCFF133GRD.bed.gz	/files/ENCFF350IHB/,/files/ENCFF640QMJ/,/files/ENCFF474IAB/,/files/ENCFF008LEY/,/files/ENCFF081ODV/,/files/ENCFF698IVQ/,/files/ENCFF113TXP/,/files/ENCFF115FLM/,/files/ENCFF116HTK/,/files/ENCFF202XZK/,/files/ENCFF228CYK/,/files/ENCFF256LPT/,/files/ENCFF464STM/,/files/ENCFF509YJB/,/files/ENCFF515AFJ/,/files/ENCFF547IQF/,/files/ENCFF573FQS/,/files/ENCFF626IVN/,/files/ENCFF632AAY/,/files/ENCFF672SYY/,/files/ENCFF674NLG/,/files/ENCFF819LAM/,/files/ENCFF896ZVF/,/files/ENCFF901BFR/,/files/ENCFF920IQC/,/files/ENCFF926THG/,/files/ENCFF951ZBV/	V40												annotation	element gene links			Roderic Guigo, CRG	ENCODE	/analysis-step-runs/e4f37b5e-661f-475a-8507-1681bb864707/	2023-07-21T17:59:08.074296+00:00	/analysis-step-versions/element-gene-link-prediction-step-v-1-1/			released	element gene regulatory interaction predictions
/files/ENCFF511TDN/	ENCFF511TDN	ENCFF511TDN	/annotations/ENCSR688ILP/	GRCh38			bed	bed bed3+	bed3+	14928516	ChIP-seq,RNA-seq,HiC,ATAC-seq	bone marrow cell	bone marrow,bone element				/files/ENCFF511TDN/@@download/ENCFF511TDN.bed.gz	/files/ENCFF235GSE/,/files/ENCFF122VIT/	V40												annotation	element gene links			Roderic Guigo, CRG	ENCODE	/analysis-step-runs/e4f37b5e-661f-475a-8507-1681bb864707/	2023-07-21T17:55:55.399043+00:00	/analysis-step-versions/element-gene-link-prediction-step-v-1-1/			released	element gene regulatory interaction predictions
/files/ENCFF649QQN/	ENCFF649QQN	ENCFF649QQN	/annotations/ENCSR022QAQ/	GRCh38			bed	bed bed3+	bed3+	14094992	ChIP-seq,RNA-seq,HiC,ATAC-seq	lymphocyte					/files/ENCFF649QQN/@@download/ENCFF649QQN.bed.gz	/files/ENCFF995EUA/,/files/ENCFF341BMB/,/files/ENCFF008LEY/,/files/ENCFF081ODV/	V40												annotation	element gene links			Roderic Guigo, CRG	ENCODE	/analysis-step-runs/e4f37b5e-661f-475a-8507-1681bb864707/	2023-07-21T17:56:41.461823+00:00	/analysis-step-versions/element-gene-link-prediction-step-v-1-1/			released	element gene regulatory interaction predictions
/files/ENCFF045ZJX/	ENCFF045ZJX	ENCFF045ZJX	/annotations/ENCSR666DLO/	GRCh38			bed	bed bed3+	bed3+	15480388	ChIP-seq,RNA-seq,HiC,DNase-seq	hematopoietic stem cell	blood,bodily fluid				/files/ENCFF045ZJX/@@download/ENCFF045ZJX.bed.gz	/files/ENCFF380ADG/,/files/ENCFF980ZIJ/,/files/ENCFF814EOK/,/files/ENCFF971ZOL/,/files/ENCFF363CQN/	V40												annotation	element gene links			Roderic Guigo, CRG	ENCODE	/analysis-step-runs/e4f37b5e-661f-475a-8507-1681bb864707/	2023-07-21T17:54:11.136950+00:00	/analysis-step-versions/element-gene-link-prediction-step-v-1-1/			released	element gene regulatory interaction predictions
/files/ENCFF897XWP/	ENCFF897XWP	ENCFF897XWP	/annotations/ENCSR686NUU/	GRCh38			bed	bed bed3+	bed3+	24709686	ChIP-seq,RNA-seq,HiC,ATAC-seq	lymphoblastoid cell line					/files/ENCFF897XWP/@@download/ENCFF897XWP.bed.gz	/files/ENCFF547FGH/,/files/ENCFF450JSF/,/files/ENCFF962FMH/,/files/ENCFF981FXV/,/files/ENCFF440GRZ/,/files/ENCFF008LEY/,/files/ENCFF081ODV/,/files/ENCFF113TXP/,/files/ENCFF993FGR/	V40												annotation	element gene links			Roderic Guigo, CRG	ENCODE	/analysis-step-runs/e4f37b5e-661f-475a-8507-1681bb864707/	2023-07-21T17:58:13.539708+00:00	/analysis-step-versions/element-gene-link-prediction-step-v-1-1/			released	element gene regulatory interaction predictions
/files/ENCFF303GUJ/	ENCFF303GUJ	ENCFF303GUJ	/annotations/ENCSR966GXF/	GRCh38			bed	bed bed3+	bed3+	15724277	ChIP-seq,RNA-seq,HiC,ATAC-seq	skin epidermis	epithelium,skin of body				/files/ENCFF303GUJ/@@download/ENCFF303GUJ.bed.gz	/files/ENCFF136LOE/,/files/ENCFF511UKZ/,/files/ENCFF808FPH/,/files/ENCFF590ZLV/,/files/ENCFF878YIH/,/files/ENCFF639VRE/,/files/ENCFF385QAZ/,/files/ENCFF008KUV/,/files/ENCFF776JNR/,/files/ENCFF183ADT/,/files/ENCFF908JET/,/files/ENCFF306MNM/,/files/ENCFF492ROW/,/files/ENCFF529BXA/,/files/ENCFF702ZYG/,/files/ENCFF762WCA/,/files/ENCFF778DIW/,/files/ENCFF868JPL/,/files/ENCFF906LLL/,/files/ENCFF926ENP/,/files/ENCFF926SMH/,/files/ENCFF971OML/,/files/ENCFF974KMJ/	V40												annotation	element gene links			Roderic Guigo, CRG	ENCODE	/analysis-step-runs/e4f37b5e-661f-475a-8507-1681bb864707/	2023-07-21T19:10:21.519406+00:00	/analysis-step-versions/element-gene-link-prediction-step-v-1-1/			released	element gene regulatory interaction predictions
/files/ENCFF962EME/	ENCFF962EME	ENCFF962EME	/annotations/ENCSR676TQX/	GRCh38			bed	bed bed3+	bed3+	24172574	ChIP-seq,RNA-seq,HiC,ATAC-seq	ependymal cell	epithelium				/files/ENCFF962EME/@@download/ENCFF962EME.bed.gz	/files/ENCFF773VAQ/,/files/ENCFF532GTH/,/files/ENCFF529QIW/,/files/ENCFF430BGM/,/files/ENCFF842PBK/,/files/ENCFF251SDF/	V40												annotation	element gene links			Roderic Guigo, CRG	ENCODE	/analysis-step-runs/e4f37b5e-661f-475a-8507-1681bb864707/	2023-07-21T18:51:55.529965+00:00	/analysis-step-versions/element-gene-link-prediction-step-v-1-1/			released	element gene regulatory interaction predictions
/files/ENCFF056ZOR/	ENCFF056ZOR	ENCFF056ZOR	/annotations/ENCSR285HXX/	GRCh38			bed	bed bed3+	bed3+	24863078	ChIP-seq,RNA-seq,HiC,ATAC-seq	astrocyte	spinal cord,brain				/files/ENCFF056ZOR/@@download/ENCFF056ZOR.bed.gz	/files/ENCFF214FNX/,/files/ENCFF106VRK/,/files/ENCFF529QIW/,/files/ENCFF430BGM/,/files/ENCFF842PBK/,/files/ENCFF251SDF/	V40												annotation	element gene links			Roderic Guigo, CRG	ENCODE	/analysis-step-runs/e4f37b5e-661f-475a-8507-1681bb864707/	2023-07-21T18:52:51.027410+00:00	/analysis-step-versions/element-gene-link-prediction-step-v-1-1/			released	element gene regulatory interaction predictions
/files/ENCFF430XAS/	ENCFF430XAS	ENCFF430XAS	/annotations/ENCSR227FLS/	GRCh38			bed	bed bed3+	bed3+	19931855	ChIP-seq,RNA-seq,HiC,ATAC-seq	fibroblast of dermis	connective tissue,skin of body				/files/ENCFF430XAS/@@download/ENCFF430XAS.bed.gz	/files/ENCFF367QGU/,/files/ENCFF248GHV/,/files/ENCFF545DTG/,/files/ENCFF047SJJ/,/files/ENCFF078JZB/,/files/ENCFF413TNT/,/files/ENCFF421TPV/,/files/ENCFF474VLO/,/files/ENCFF829QXQ/,/files/ENCFF956GJM/,/files/ENCFF978QMI/,/files/ENCFF978ZWH/	V40												annotation	element gene links			Roderic Guigo, CRG	ENCODE	/analysis-step-runs/e4f37b5e-661f-475a-8507-1681bb864707/	2023-07-21T19:11:23.318083+00:00	/analysis-step-versions/element-gene-link-prediction-step-v-1-1/			released	element gene regulatory interaction predictions
/files/ENCFF902UPW/	ENCFF902UPW	ENCFF902UPW	/annotations/ENCSR370YXJ/	GRCh38			bed	bed bed3+	bed3+	16761375	ChIP-seq,RNA-seq,HiC,ATAC-seq	HeLa	uterus,epithelium				/files/ENCFF902UPW/@@download/ENCFF902UPW.bed.gz	/files/ENCFF302HOL/,/files/ENCFF796IAJ/,/files/ENCFF068HUH/,/files/ENCFF350CVX/,/files/ENCFF633TTB/,/files/ENCFF330BPD/,/files/ENCFF556QYY/,/files/ENCFF407CRM/,/files/ENCFF856TEC/	V40												annotation	element gene links			Roderic Guigo, CRG	ENCODE	/analysis-step-runs/e4f37b5e-661f-475a-8507-1681bb864707/	2023-07-21T19:14:22.233295+00:00	/analysis-step-versions/element-gene-link-prediction-step-v-1-1/			released	element gene regulatory interaction predictions
/files/ENCFF201JBB/	ENCFF201JBB	ENCFF201JBB	/annotations/ENCSR090RIY/	GRCh38			bed	bed bed3+	bed3+	18808580	ChIP-seq,RNA-seq,HiC,ATAC-seq	natural killer cell	blood,bodily fluid				/files/ENCFF201JBB/@@download/ENCFF201JBB.bed.gz	/files/ENCFF970TKM/,/files/ENCFF765TSI/,/files/ENCFF585VSC/,/files/ENCFF525WKG/,/files/ENCFF145XXH/,/files/ENCFF331NUN/,/files/ENCFF796LSX/,/files/ENCFF152RGU/,/files/ENCFF028QQB/,/files/ENCFF101AWQ/,/files/ENCFF185BYZ/,/files/ENCFF293ETP/,/files/ENCFF377NQI/,/files/ENCFF463VKU/,/files/ENCFF689NDO/,/files/ENCFF802MJK/,/files/ENCFF862SBF/,/files/ENCFF895YNH/,/files/ENCFF956EMA/	V40												annotation	element gene links			Roderic Guigo, CRG	ENCODE	/analysis-step-runs/e4f37b5e-661f-475a-8507-1681bb864707/	2023-07-21T18:15:16.018363+00:00	/analysis-step-versions/element-gene-link-prediction-step-v-1-1/			released	element gene regulatory interaction predictions
/files/ENCFF667AHG/	ENCFF667AHG	ENCFF667AHG	/annotations/ENCSR616ZKX/	GRCh38			bed	bed bed3+	bed3+	30521711	ChIP-seq,RNA-seq,HiC,ATAC-seq	skeletal muscle tissue	musculature of body				/files/ENCFF667AHG/@@download/ENCFF667AHG.bed.gz	/files/ENCFF126GIH/,/files/ENCFF810XFG/,/files/ENCFF256JHE/,/files/ENCFF532PQX/,/files/ENCFF153JDD/,/files/ENCFF956MLT/,/files/ENCFF191LNL/,/files/ENCFF385JXK/,/files/ENCFF052WIM/,/files/ENCFF442TIK/,/files/ENCFF905RHR/,/files/ENCFF217JMQ/,/files/ENCFF165RFC/,/files/ENCFF072QUD/,/files/ENCFF550YNG/,/files/ENCFF983VPP/,/files/ENCFF524SGU/,/files/ENCFF363RCK/,/files/ENCFF092YAU/,/files/ENCFF427NIA/,/files/ENCFF513EIF/,/files/ENCFF516DGE/,/files/ENCFF536UGJ/,/files/ENCFF611MQB/,/files/ENCFF786LEX/,/files/ENCFF826ROZ/	V40												annotation	element gene links			Roderic Guigo, CRG	ENCODE	/analysis-step-runs/e4f37b5e-661f-475a-8507-1681bb864707/	2023-07-21T18:56:32.480173+00:00	/analysis-step-versions/element-gene-link-prediction-step-v-1-1/			released	element gene regulatory interaction predictions
/files/ENCFF955VGB/	ENCFF955VGB	ENCFF955VGB	/annotations/ENCSR513LSS/	GRCh38			bed	bed bed3+	bed3+	19558129	ChIP-seq,RNA-seq,HiC,ATAC-seq	mesenchymal stem cell	connective tissue				/files/ENCFF955VGB/@@download/ENCFF955VGB.bed.gz	/files/ENCFF675QTK/,/files/ENCFF448BMD/,/files/ENCFF595RTO/	V40												annotation	element gene links			Roderic Guigo, CRG	ENCODE	/analysis-step-runs/e4f37b5e-661f-475a-8507-1681bb864707/	2023-07-21T18:50:06.070949+00:00	/analysis-step-versions/element-gene-link-prediction-step-v-1-1/			released	element gene regulatory interaction predictions
/files/ENCFF457WFQ/	ENCFF457WFQ	ENCFF457WFQ	/annotations/ENCSR533PTX/	GRCh38			bed	bed bed3+	bed3+	17967354	ChIP-seq,RNA-seq,HiC,DNase-seq	aortic smooth muscle cell	arterial blood vessel,musculature of body,vasculature,blood vessel				/files/ENCFF457WFQ/@@download/ENCFF457WFQ.bed.gz	/files/ENCFF896YIE/,/files/ENCFF844FPL/,/files/ENCFF396JLE/,/files/ENCFF818DQZ/,/files/ENCFF381CDO/,/files/ENCFF805HLI/,/files/ENCFF368TVJ/,/files/ENCFF246RZC/,/files/ENCFF441UWZ/,/files/ENCFF989SPO/,/files/ENCFF039JTK/,/files/ENCFF115MXG/,/files/ENCFF116DVR/,/files/ENCFF180KRI/,/files/ENCFF651IGX/,/files/ENCFF721SMI/,/files/ENCFF856WDE/,/files/ENCFF891WET/,/files/ENCFF970RKM/	V40												annotation	element gene links			Roderic Guigo, CRG	ENCODE	/analysis-step-runs/e4f37b5e-661f-475a-8507-1681bb864707/	2023-07-21T18:57:37.214767+00:00	/analysis-step-versions/element-gene-link-prediction-step-v-1-1/			released	element gene regulatory interaction predictions
/files/ENCFF759CDI/	ENCFF759CDI	ENCFF759CDI	/annotations/ENCSR094ORE/	GRCh38			bed	bed bed3+	bed3+	13350287	ChIP-seq,RNA-seq,HiC,ATAC-seq	Jurkat	blood,bodily fluid				/files/ENCFF759CDI/@@download/ENCFF759CDI.bed.gz	/files/ENCFF174ZJS/,/files/ENCFF972XYX/	V40												annotation	element gene links			Roderic Guigo, CRG	ENCODE	/analysis-step-runs/e4f37b5e-661f-475a-8507-1681bb864707/	2023-07-21T17:57:27.223804+00:00	/analysis-step-versions/element-gene-link-prediction-step-v-1-1/			released	element gene regulatory interaction predictions
/files/ENCFF696MEX/	ENCFF696MEX	ENCFF696MEX	/annotations/ENCSR324SJK/	GRCh38			bed	bed bed3+	bed3+	18117328	ChIP-seq,RNA-seq,HiC,ATAC-seq	bone marrow cell	bone marrow,bone element				/files/ENCFF696MEX/@@download/ENCFF696MEX.bed.gz	/files/ENCFF377WDM/,/files/ENCFF950YHL/	V40												annotation	element gene links			Roderic Guigo, CRG	ENCODE	/analysis-step-runs/e4f37b5e-661f-475a-8507-1681bb864707/	2023-07-21T17:55:08.571256+00:00	/analysis-step-versions/element-gene-link-prediction-step-v-1-1/			released	element gene regulatory interaction predictions
/files/ENCFF253OTG/	ENCFF253OTG	ENCFF253OTG	/annotations/ENCSR734LVS/	GRCh38			bed	bed bed3+	bed3+	25214195	ChIP-seq,RNA-seq,HiC,ATAC-seq	GM12878	blood,bodily fluid				/files/ENCFF253OTG/@@download/ENCFF253OTG.bed.gz	/files/ENCFF442RKG/,/files/ENCFF444TVF/,/files/ENCFF962FMH/,/files/ENCFF981FXV/,/files/ENCFF440GRZ/,/files/ENCFF473KMX/,/files/ENCFF008LEY/,/files/ENCFF081ODV/,/files/ENCFF113TXP/,/files/ENCFF993FGR/	V40												annotation	element gene links			Roderic Guigo, CRG	ENCODE	/analysis-step-runs/e4f37b5e-661f-475a-8507-1681bb864707/	2023-07-21T18:14:04.290135+00:00	/analysis-step-versions/element-gene-link-prediction-step-v-1-1/			released	element gene regulatory interaction predictions
/files/ENCFF241NIV/	ENCFF241NIV	ENCFF241NIV	/annotations/ENCSR847QZF/	GRCh38			bed	bed bed3+	bed3+	20082619	ChIP-seq,RNA-seq,HiC,DNase-seq	macrophage	bone marrow,bone element				/files/ENCFF241NIV/@@download/ENCFF241NIV.bed.gz	/files/ENCFF498QPD/,/files/ENCFF273ATJ/,/files/ENCFF612HFB/,/files/ENCFF818LQS/,/files/ENCFF242LEO/,/files/ENCFF410EXE/,/files/ENCFF695BGO/,/files/ENCFF734GJO/,/files/ENCFF460ATD/,/files/ENCFF428JLL/,/files/ENCFF118DHW/	V40												annotation	element gene links			Roderic Guigo, CRG	ENCODE	/analysis-step-runs/e4f37b5e-661f-475a-8507-1681bb864707/	2023-07-21T18:19:21.884429+00:00	/analysis-step-versions/element-gene-link-prediction-step-v-1-1/			released	element gene regulatory interaction predictions
/files/ENCFF209MNU/	ENCFF209MNU	ENCFF209MNU	/annotations/ENCSR923RDF/	GRCh38			bed	bed bed3+	bed3+	18176425	ChIP-seq,RNA-seq,HiC,DNase-seq	K562	blood,bodily fluid				/files/ENCFF209MNU/@@download/ENCFF209MNU.bed.gz	/files/ENCFF068ZVQ/,/files/ENCFF327UFA/,/files/ENCFF205FNC/,/files/ENCFF742CVV/,/files/ENCFF857UQA/,/files/ENCFF748JCP/,/files/ENCFF725EXS/,/files/ENCFF539KNF/,/files/ENCFF849TDM/	V40												annotation	element gene links			Roderic Guigo, CRG	ENCODE	/analysis-step-runs/e4f37b5e-661f-475a-8507-1681bb864707/	2023-07-21T18:18:26.624778+00:00	/analysis-step-versions/element-gene-link-prediction-step-v-1-1/			released	element gene regulatory interaction predictions
/files/ENCFF541HWX/	ENCFF541HWX	ENCFF541HWX	/annotations/ENCSR211YDO/	GRCh38			bed	bed bed3+	bed3+	27850879	ChIP-seq,RNA-seq,HiC,DNase-seq	middle frontal area 46	brain				/files/ENCFF541HWX/@@download/ENCFF541HWX.bed.gz	/files/ENCFF292JKF/,/files/ENCFF049UYK/,/files/ENCFF344RYW/,/files/ENCFF206ZKI/,/files/ENCFF266UVR/,/files/ENCFF233BJK/,/files/ENCFF170KLZ/,/files/ENCFF800AYJ/,/files/ENCFF994GNG/,/files/ENCFF014NIB/,/files/ENCFF028IBW/,/files/ENCFF137KZR/,/files/ENCFF146LLE/,/files/ENCFF156GJU/,/files/ENCFF224LYA/,/files/ENCFF238JTO/,/files/ENCFF242WZH/,/files/ENCFF272DJL/,/files/ENCFF365ANP/,/files/ENCFF371ZKC/,/files/ENCFF383TGX/,/files/ENCFF432RWD/,/files/ENCFF435BRK/,/files/ENCFF472UDH/,/files/ENCFF480FCW/,/files/ENCFF484YUA/,/files/ENCFF646GXZ/,/files/ENCFF649LLS/,/files/ENCFF658QWN/,/files/ENCFF685BLE/,/files/ENCFF686LXM/,/files/ENCFF701XQB/,/files/ENCFF794RDI/,/files/ENCFF820MMW/,/files/ENCFF942YRH/,/files/ENCFF943HGP/,/files/ENCFF950LIB/,/files/ENCFF969AJT/,/files/ENCFF973ZFT/	V40												annotation	element gene links			Roderic Guigo, CRG	ENCODE	/analysis-step-runs/e4f37b5e-661f-475a-8507-1681bb864707/	2023-07-21T18:24:38.126648+00:00	/analysis-step-versions/element-gene-link-prediction-step-v-1-1/			released	element gene regulatory interaction predictions
/files/ENCFF571PMY/	ENCFF571PMY	ENCFF571PMY	/annotations/ENCSR694QVV/	GRCh38			bed	bed bed3+	bed3+	28593019	ChIP-seq,RNA-seq,HiC,DNase-seq	heart	heart				/files/ENCFF571PMY/@@download/ENCFF571PMY.bed.gz	/files/ENCFF662LNJ/,/files/ENCFF231NRE/,/files/ENCFF682TBE/,/files/ENCFF287TWO/,/files/ENCFF631HMZ/,/files/ENCFF549QYX/,/files/ENCFF600RAT/,/files/ENCFF686JIZ/,/files/ENCFF426NVC/,/files/ENCFF684FXD/,/files/ENCFF016RHG/,/files/ENCFF111KQW/,/files/ENCFF318ILJ/,/files/ENCFF346GTT/,/files/ENCFF400FAA/,/files/ENCFF406YGS/,/files/ENCFF491UMQ/,/files/ENCFF615SXO/,/files/ENCFF617TKL/,/files/ENCFF880HJF/,/files/ENCFF962IUZ/,/files/ENCFF982IVZ/	V40												annotation	element gene links			Roderic Guigo, CRG	ENCODE	/analysis-step-runs/e4f37b5e-661f-475a-8507-1681bb864707/	2023-07-21T18:54:41.744143+00:00	/analysis-step-versions/element-gene-link-prediction-step-v-1-1/			released	element gene regulatory interaction predictions
/files/ENCFF783FTY/	ENCFF783FTY	ENCFF783FTY	/annotations/ENCSR306CLG/	GRCh38			bed	bed bed3+	bed3+	17972333	ChIP-seq,RNA-seq,HiC,ATAC-seq	astrocyte	spinal cord,brain				/files/ENCFF783FTY/@@download/ENCFF783FTY.bed.gz	/files/ENCFF682DXR/,/files/ENCFF722YLB/,/files/ENCFF529QIW/,/files/ENCFF430BGM/,/files/ENCFF842PBK/,/files/ENCFF251SDF/	V40												annotation	element gene links			Roderic Guigo, CRG	ENCODE	/analysis-step-runs/e4f37b5e-661f-475a-8507-1681bb864707/	2023-07-21T18:53:46.474828+00:00	/analysis-step-versions/element-gene-link-prediction-step-v-1-1/			released	element gene regulatory interaction predictions
/files/ENCFF656BSZ/	ENCFF656BSZ	ENCFF656BSZ	/annotations/ENCSR199FRB/	GRCh38			bed	bed bed3+	bed3+	10762565	ChIP-seq,RNA-seq,HiC,DNase-seq	plasma cell					/files/ENCFF656BSZ/@@download/ENCFF656BSZ.bed.gz	/files/ENCFF058NLX/,/files/ENCFF653TTV/,/files/ENCFF910XNY/,/files/ENCFF369NRI/,/files/ENCFF358IWV/,/files/ENCFF429XFA/,/files/ENCFF545MNQ/,/files/ENCFF712UBW/	V40												annotation	element gene links			Roderic Guigo, CRG	ENCODE	/analysis-step-runs/e4f37b5e-661f-475a-8507-1681bb864707/	2023-07-21T18:22:13.240644+00:00	/analysis-step-versions/element-gene-link-prediction-step-v-1-1/			released	element gene regulatory interaction predictions
/files/ENCFF047EKE/	ENCFF047EKE	ENCFF047EKE	/annotations/ENCSR672ZCN/	GRCh38			bed	bed bed3+	bed3+	17495730	ChIP-seq,RNA-seq,HiC,DNase-seq	SK-N-SH	brain				/files/ENCFF047EKE/@@download/ENCFF047EKE.bed.gz	/files/ENCFF384MVP/,/files/ENCFF047SOY/,/files/ENCFF998QMV/,/files/ENCFF087SLF/,/files/ENCFF632SCR/,/files/ENCFF084ZJW/,/files/ENCFF513XLZ/	V40												annotation	element gene links			Roderic Guigo, CRG	ENCODE	/analysis-step-runs/e4f37b5e-661f-475a-8507-1681bb864707/	2023-07-21T18:30:19.931743+00:00	/analysis-step-versions/element-gene-link-prediction-step-v-1-1/			released	element gene regulatory interaction predictions
/files/ENCFF515BAM/	ENCFF515BAM	ENCFF515BAM	/annotations/ENCSR941LUR/	GRCh38			bed	bed bed3+	bed3+	20634675	ChIP-seq,RNA-seq,HiC,ATAC-seq	pancreas	pancreas				/files/ENCFF515BAM/@@download/ENCFF515BAM.bed.gz	/files/ENCFF743PPL/,/files/ENCFF844AIJ/,/files/ENCFF912MMT/	V40												annotation	element gene links			Roderic Guigo, CRG	ENCODE	/analysis-step-runs/e4f37b5e-661f-475a-8507-1681bb864707/	2023-07-21T18:59:19.321377+00:00	/analysis-step-versions/element-gene-link-prediction-step-v-1-1/			released	element gene regulatory interaction predictions
/files/ENCFF215VVL/	ENCFF215VVL	ENCFF215VVL	/annotations/ENCSR348HFR/	GRCh38			bed	bed bed3+	bed3+	19647402	ChIP-seq,RNA-seq,HiC,DNase-seq	islet of Langerhans	pancreas				/files/ENCFF215VVL/@@download/ENCFF215VVL.bed.gz	/files/ENCFF980JCH/,/files/ENCFF647MQW/,/files/ENCFF537FXA/,/files/ENCFF199PAS/,/files/ENCFF292KDX/	V40												annotation	element gene links			Roderic Guigo, CRG	ENCODE	/analysis-step-runs/e4f37b5e-661f-475a-8507-1681bb864707/	2023-07-21T19:00:06.999808+00:00	/analysis-step-versions/element-gene-link-prediction-step-v-1-1/			released	element gene regulatory interaction predictions
/files/ENCFF013DES/	ENCFF013DES	ENCFF013DES	/annotations/ENCSR121NGC/	GRCh38			bed	bed bed3+	bed3+	16963542	ChIP-seq,RNA-seq,HiC,ATAC-seq	MCF 10A	mammary gland,exocrine gland,epithelium				/files/ENCFF013DES/@@download/ENCFF013DES.bed.gz	/files/ENCFF221ZBM/,/files/ENCFF543GKV/,/files/ENCFF087ZXP/,/files/ENCFF939OQQ/,/files/ENCFF426HAX/,/files/ENCFF266VNT/,/files/ENCFF283WVV/,/files/ENCFF016QJQ/,/files/ENCFF282YCX/	V40												annotation	element gene links			Roderic Guigo, CRG	ENCODE	/analysis-step-runs/e4f37b5e-661f-475a-8507-1681bb864707/	2023-07-21T18:34:30.777783+00:00	/analysis-step-versions/element-gene-link-prediction-step-v-1-1/			released	element gene regulatory interaction predictions
/files/ENCFF561JSA/	ENCFF561JSA	ENCFF561JSA	/annotations/ENCSR808ISM/	GRCh38			bed	bed bed3+	bed3+	22938109	ChIP-seq,RNA-seq,HiC,DNase-seq	stomach	stomach				/files/ENCFF561JSA/@@download/ENCFF561JSA.bed.gz	/files/ENCFF302MHN/,/files/ENCFF100XQA/,/files/ENCFF513MQT/,/files/ENCFF459MPN/,/files/ENCFF222PXI/,/files/ENCFF333CWU/,/files/ENCFF203MKU/,/files/ENCFF225PPI/,/files/ENCFF346QRJ/,/files/ENCFF493RLF/,/files/ENCFF732NXU/,/files/ENCFF916TLI/,/files/ENCFF950NLS/,/files/ENCFF962NYD/,/files/ENCFF975CDE/,/files/ENCFF980XLA/	V40												annotation	element gene links			Roderic Guigo, CRG	ENCODE	/analysis-step-runs/e4f37b5e-661f-475a-8507-1681bb864707/	2023-07-21T18:37:20.788847+00:00	/analysis-step-versions/element-gene-link-prediction-step-v-1-1/			released	element gene regulatory interaction predictions
/files/ENCFF212KGT/	ENCFF212KGT	ENCFF212KGT	/annotations/ENCSR198MBS/	GRCh38			bed	bed bed3+	bed3+	18031237	ChIP-seq,RNA-seq,HiC,ATAC-seq	nephron tubule	kidney,epithelium				/files/ENCFF212KGT/@@download/ENCFF212KGT.bed.gz	/files/ENCFF493ZIZ/,/files/ENCFF691WGH/	V40												annotation	element gene links			Roderic Guigo, CRG	ENCODE	/analysis-step-runs/e4f37b5e-661f-475a-8507-1681bb864707/	2023-07-21T18:39:01.816007+00:00	/analysis-step-versions/element-gene-link-prediction-step-v-1-1/			released	element gene regulatory interaction predictions
/files/ENCFF555IQB/	ENCFF555IQB	ENCFF555IQB	/annotations/ENCSR342KRB/	GRCh38			bed	bed bed3+	bed3+	15720081	ChIP-seq,RNA-seq,HiC,ATAC-seq	HepG2	endocrine gland,liver,exocrine gland,epithelium				/files/ENCFF555IQB/@@download/ENCFF555IQB.bed.gz	/files/ENCFF277BFQ/,/files/ENCFF910KID/,/files/ENCFF624SON/,/files/ENCFF990VCP/,/files/ENCFF926KFU/,/files/ENCFF168QKW/,/files/ENCFF209BNC/,/files/ENCFF947ZDL/,/files/ENCFF634FYT/,/files/ENCFF092MIT/,/files/ENCFF548XLR/,/files/ENCFF359CWX/,/files/ENCFF795ONN/	V40												annotation	element gene links			Roderic Guigo, CRG	ENCODE	/analysis-step-runs/e4f37b5e-661f-475a-8507-1681bb864707/	2023-07-21T18:41:22.607819+00:00	/analysis-step-versions/element-gene-link-prediction-step-v-1-1/			released	element gene regulatory interaction predictions
/files/ENCFF416YFM/	ENCFF416YFM	ENCFF416YFM	/annotations/ENCSR732XXH/	GRCh38			bed	bed bed3+	bed3+	22963674	ChIP-seq,RNA-seq,HiC,DNase-seq	entorhinal cortex	brain				/files/ENCFF416YFM/@@download/ENCFF416YFM.bed.gz	/files/ENCFF052OKQ/,/files/ENCFF585OTW/,/files/ENCFF344RYW/,/files/ENCFF206ZKI/,/files/ENCFF266UVR/,/files/ENCFF233BJK/,/files/ENCFF170KLZ/,/files/ENCFF800AYJ/,/files/ENCFF994GNG/	V40												annotation	element gene links			Roderic Guigo, CRG	ENCODE	/analysis-step-runs/e4f37b5e-661f-475a-8507-1681bb864707/	2023-07-21T18:23:00.250200+00:00	/analysis-step-versions/element-gene-link-prediction-step-v-1-1/			released	element gene regulatory interaction predictions
/files/ENCFF576ISZ/	ENCFF576ISZ	ENCFF576ISZ	/annotations/ENCSR833QCU/	GRCh38			bed	bed bed3+	bed3+	15300365	ChIP-seq,RNA-seq,HiC,ATAC-seq	H9	embryo				/files/ENCFF576ISZ/@@download/ENCFF576ISZ.bed.gz	/files/ENCFF367FQF/,/files/ENCFF040DKM/,/files/ENCFF279PIX/,/files/ENCFF825VIZ/,/files/ENCFF672OBL/,/files/ENCFF427UWH/,/files/ENCFF756CWI/,/files/ENCFF911RKE/,/files/ENCFF977VVO/,/files/ENCFF026ZJY/,/files/ENCFF116YNF/,/files/ENCFF871NQW/	V40												annotation	element gene links			Roderic Guigo, CRG	ENCODE	/analysis-step-runs/e4f37b5e-661f-475a-8507-1681bb864707/	2023-07-21T19:04:17.400218+00:00	/analysis-step-versions/element-gene-link-prediction-step-v-1-1/			released	element gene regulatory interaction predictions
/files/ENCFF801HYS/	ENCFF801HYS	ENCFF801HYS	/annotations/ENCSR117UHY/	GRCh38			bed	bed bed3+	bed3+	19947491	ChIP-seq,RNA-seq,HiC,DNase-seq	spleen	spleen,immune organ				/files/ENCFF801HYS/@@download/ENCFF801HYS.bed.gz	/files/ENCFF067JPX/,/files/ENCFF212DUC/,/files/ENCFF136TSS/,/files/ENCFF932JKV/,/files/ENCFF518TQH/,/files/ENCFF549DYB/,/files/ENCFF596LUX/,/files/ENCFF258SJT/,/files/ENCFF557EON/,/files/ENCFF225PTX/,/files/ENCFF996ILR/,/files/ENCFF515TBK/,/files/ENCFF133QVU/,/files/ENCFF143KEO/,/files/ENCFF428HQD/,/files/ENCFF438NSZ/,/files/ENCFF617INV/,/files/ENCFF634AAL/,/files/ENCFF667TUZ/,/files/ENCFF709HME/,/files/ENCFF785HPW/,/files/ENCFF848UGK/,/files/ENCFF853ZJX/,/files/ENCFF859PGH/,/files/ENCFF868QXK/	V40												annotation	element gene links			Roderic Guigo, CRG	ENCODE	/analysis-step-runs/e4f37b5e-661f-475a-8507-1681bb864707/	2023-07-21T19:13:16.693777+00:00	/analysis-step-versions/element-gene-link-prediction-step-v-1-1/			released	element gene regulatory interaction predictions
/files/ENCFF922UNU/	ENCFF922UNU	ENCFF922UNU	/annotations/ENCSR315IWP/	GRCh38			bed	bed bed3+	bed3+	17655603	ChIP-seq,RNA-seq,HiC,ATAC-seq	keratinocyte	epithelium,skin of body				/files/ENCFF922UNU/@@download/ENCFF922UNU.bed.gz	/files/ENCFF756OSM/,/files/ENCFF797VET/,/files/ENCFF808FPH/,/files/ENCFF590ZLV/,/files/ENCFF878YIH/,/files/ENCFF639VRE/,/files/ENCFF385QAZ/,/files/ENCFF008KUV/,/files/ENCFF776JNR/,/files/ENCFF183ADT/,/files/ENCFF908JET/,/files/ENCFF061ZZS/	V40												annotation	element gene links			Roderic Guigo, CRG	ENCODE	/analysis-step-runs/e4f37b5e-661f-475a-8507-1681bb864707/	2023-07-21T19:12:23.205636+00:00	/analysis-step-versions/element-gene-link-prediction-step-v-1-1/			released	element gene regulatory interaction predictions
/files/ENCFF404WMD/	ENCFF404WMD	ENCFF404WMD	/annotations/ENCSR682XOU/	GRCh38			bed	bed bed3+	bed3+	24607045	ChIP-seq,RNA-seq,HiC,DNase-seq	prostate gland	prostate gland				/files/ENCFF404WMD/@@download/ENCFF404WMD.bed.gz	/files/ENCFF150CDB/,/files/ENCFF318VCW/,/files/ENCFF084DLF/,/files/ENCFF485OGN/,/files/ENCFF811SKC/,/files/ENCFF057FJQ/,/files/ENCFF346EXA/	V40												annotation	element gene links			Roderic Guigo, CRG	ENCODE	/analysis-step-runs/e4f37b5e-661f-475a-8507-1681bb864707/	2023-07-21T19:08:31.991058+00:00	/analysis-step-versions/element-gene-link-prediction-step-v-1-1/			released	element gene regulatory interaction predictions
/files/ENCFF421WMF/	ENCFF421WMF	ENCFF421WMF	/annotations/ENCSR865CTG/	GRCh38			bed	bed bed3+	bed3+	20336473	ChIP-seq,RNA-seq,HiC,ATAC-seq	esophagus squamous epithelium	esophagus,epithelium				/files/ENCFF421WMF/@@download/ENCFF421WMF.bed.gz	/files/ENCFF117PIZ/,/files/ENCFF313EXU/	V40												annotation	element gene links			Roderic Guigo, CRG	ENCODE	/analysis-step-runs/e4f37b5e-661f-475a-8507-1681bb864707/	2023-07-21T19:02:13.371206+00:00	/analysis-step-versions/element-gene-link-prediction-step-v-1-1/			released	element gene regulatory interaction predictions
/files/ENCFF405TOT/	ENCFF405TOT	ENCFF405TOT	/annotations/ENCSR264HWR/	GRCh38			bed	bed bed3+	bed3+	16538237	ChIP-seq,RNA-seq,HiC,DNase-seq	iPSC					/files/ENCFF405TOT/@@download/ENCFF405TOT.bed.gz	/files/ENCFF844ANQ/,/files/ENCFF399MLZ/,/files/ENCFF715YXX/,/files/ENCFF492WXQ/,/files/ENCFF730OTJ/,/files/ENCFF027HQS/,/files/ENCFF229RFN/,/files/ENCFF018MSO/	V40												annotation	element gene links			Roderic Guigo, CRG	ENCODE	/analysis-step-runs/e4f37b5e-661f-475a-8507-1681bb864707/	2023-07-21T19:06:46.389415+00:00	/analysis-step-versions/element-gene-link-prediction-step-v-1-1/			released	element gene regulatory interaction predictions
/files/ENCFF574KOR/	ENCFF574KOR	ENCFF574KOR	/annotations/ENCSR183TCQ/	GRCh38			bed	bed bed3+	bed3+	17375600	ChIP-seq,RNA-seq,HiC,ATAC-seq	prostate gland	prostate gland				/files/ENCFF574KOR/@@download/ENCFF574KOR.bed.gz	/files/ENCFF343APO/,/files/ENCFF022TNH/	V40												annotation	element gene links			Roderic Guigo, CRG	ENCODE	/analysis-step-runs/e4f37b5e-661f-475a-8507-1681bb864707/	2023-07-21T19:07:40.850030+00:00	/analysis-step-versions/element-gene-link-prediction-step-v-1-1/			released	element gene regulatory interaction predictions
/files/ENCFF255THJ/	ENCFF255THJ	ENCFF255THJ	/annotations/ENCSR759OVP/	GRCh38			bed	bed bed3+	bed3+	15833836	ChIP-seq,RNA-seq,HiC,ATAC-seq	CD4-positive, CD25-positive, alpha-beta regulatory T cell	blood,bodily fluid				/files/ENCFF255THJ/@@download/ENCFF255THJ.bed.gz	/files/ENCFF784DQS/,/files/ENCFF808IKI/,/files/ENCFF028JDD/,/files/ENCFF518NZL/,/files/ENCFF970GVV/,/files/ENCFF925XND/,/files/ENCFF447UZD/,/files/ENCFF841ELV/,/files/ENCFF329UOR/,/files/ENCFF380KOQ/,/files/ENCFF398ODB/,/files/ENCFF406WIO/,/files/ENCFF726SZQ/,/files/ENCFF846OSF/,/files/ENCFF999RBA/	V40												annotation	element gene links			Roderic Guigo, CRG	ENCODE	/analysis-step-runs/e4f37b5e-661f-475a-8507-1681bb864707/	2023-07-21T18:06:15.398676+00:00	/analysis-step-versions/element-gene-link-prediction-step-v-1-1/			released	element gene regulatory interaction predictions
/files/ENCFF404OEE/	ENCFF404OEE	ENCFF404OEE	/annotations/ENCSR376TSR/	GRCh38			bed	bed bed3+	bed3+	13957183	ChIP-seq,RNA-seq,HiC,DNase-seq	CD4-positive, alpha-beta T cell	blood,bodily fluid				/files/ENCFF404OEE/@@download/ENCFF404OEE.bed.gz	/files/ENCFF063MEL/,/files/ENCFF748NNU/,/files/ENCFF340EAE/,/files/ENCFF822DKY/,/files/ENCFF916EGX/,/files/ENCFF447UZD/,/files/ENCFF841ELV/,/files/ENCFF042LSM/,/files/ENCFF170RKK/,/files/ENCFF190XTM/,/files/ENCFF359JWY/,/files/ENCFF383YEO/,/files/ENCFF427RME/,/files/ENCFF436NYF/,/files/ENCFF467TIK/,/files/ENCFF566WWM/,/files/ENCFF621DMX/,/files/ENCFF692UGR/,/files/ENCFF719VWH/,/files/ENCFF932GWQ/,/files/ENCFF958HFA/	V40												annotation	element gene links			Roderic Guigo, CRG	ENCODE	/analysis-step-runs/e4f37b5e-661f-475a-8507-1681bb864707/	2023-07-21T18:03:16.679117+00:00	/analysis-step-versions/element-gene-link-prediction-step-v-1-1/			released	element gene regulatory interaction predictions
/files/ENCFF214RIG/	ENCFF214RIG	ENCFF214RIG	/annotations/ENCSR554HXW/	GRCh38			bed	bed bed3+	bed3+	17286446	ChIP-seq,RNA-seq,HiC,ATAC-seq	osteoblast	connective tissue				/files/ENCFF214RIG/@@download/ENCFF214RIG.bed.gz	/files/ENCFF034ELY/,/files/ENCFF221XWD/	V40												annotation	element gene links			Roderic Guigo, CRG	ENCODE	/analysis-step-runs/e4f37b5e-661f-475a-8507-1681bb864707/	2023-07-21T18:47:43.316597+00:00	/analysis-step-versions/element-gene-link-prediction-step-v-1-1/			released	element gene regulatory interaction predictions
/files/ENCFF412OLR/	ENCFF412OLR	ENCFF412OLR	/annotations/ENCSR399MFZ/	GRCh38			bed	bed bed3+	bed3+	19108013	ChIP-seq,RNA-seq,HiC,ATAC-seq	endothelial cell of coronary artery	heart,arterial blood vessel,vasculature,epithelium,blood vessel				/files/ENCFF412OLR/@@download/ENCFF412OLR.bed.gz	/files/ENCFF825OFX/,/files/ENCFF331TZE/,/files/ENCFF298MLY/,/files/ENCFF949JLO/,/files/ENCFF564QCZ/	V40												annotation	element gene links			Roderic Guigo, CRG	ENCODE	/analysis-step-runs/e4f37b5e-661f-475a-8507-1681bb864707/	2023-07-21T18:48:29.314717+00:00	/analysis-step-versions/element-gene-link-prediction-step-v-1-1/			released	element gene regulatory interaction predictions
/files/ENCFF134ADK/	ENCFF134ADK	ENCFF134ADK	/annotations/ENCSR037HGP/	GRCh38			bed	bed bed3+	bed3+	20380427	ChIP-seq,RNA-seq,HiC,ATAC-seq	endothelial cell of umbilical vein	vein,extraembryonic component,placenta,vasculature,epithelium,blood vessel				/files/ENCFF134ADK/@@download/ENCFF134ADK.bed.gz	/files/ENCFF277GHV/,/files/ENCFF106ZCT/,/files/ENCFF770MAV/,/files/ENCFF949JLO/,/files/ENCFF564QCZ/,/files/ENCFF656TFQ/	V40												annotation	element gene links			Roderic Guigo, CRG	ENCODE	/analysis-step-runs/e4f37b5e-661f-475a-8507-1681bb864707/	2023-07-21T18:49:17.375007+00:00	/analysis-step-versions/element-gene-link-prediction-step-v-1-1/			released	element gene regulatory interaction predictions
/files/ENCFF671QKK/	ENCFF671QKK	ENCFF671QKK	/annotations/ENCSR778KIN/	GRCh38			bed	bed bed3+	bed3+	19204146	ChIP-seq,RNA-seq,HiC,ATAC-seq	adipose tissue	adipose tissue,connective tissue				/files/ENCFF671QKK/@@download/ENCFF671QKK.bed.gz	/files/ENCFF891XAA/,/files/ENCFF022MRJ/,/files/ENCFF316BTV/,/files/ENCFF648TPI/,/files/ENCFF743KWB/	V40												annotation	element gene links			Roderic Guigo, CRG	ENCODE	/analysis-step-runs/e4f37b5e-661f-475a-8507-1681bb864707/	2023-07-21T18:46:05.398872+00:00	/analysis-step-versions/element-gene-link-prediction-step-v-1-1/			released	element gene regulatory interaction predictions
/files/ENCFF623LYN/	ENCFF623LYN	ENCFF623LYN	/annotations/ENCSR450DQO/	GRCh38			bed	bed bed3+	bed3+	14208985	ChIP-seq,RNA-seq,HiC,DNase-seq	osteoblast	connective tissue				/files/ENCFF623LYN/@@download/ENCFF623LYN.bed.gz	/files/ENCFF445UBX/,/files/ENCFF185FLF/,/files/ENCFF261YSH/,/files/ENCFF860UCH/,/files/ENCFF012EDN/,/files/ENCFF271NLN/	V40												annotation	element gene links			Roderic Guigo, CRG	ENCODE	/analysis-step-runs/e4f37b5e-661f-475a-8507-1681bb864707/	2023-07-21T18:46:55.136207+00:00	/analysis-step-versions/element-gene-link-prediction-step-v-1-1/			released	element gene regulatory interaction predictions
/files/ENCFF921UGF/	ENCFF921UGF	ENCFF921UGF	/annotations/ENCSR317DZP/	GRCh38			bed	bed bed3+	bed3+	27627978	ChIP-seq,RNA-seq,HiC,DNase-seq	colon	intestine,colon,large intestine				/files/ENCFF921UGF/@@download/ENCFF921UGF.bed.gz	/files/ENCFF020WJG/,/files/ENCFF115HTF/,/files/ENCFF650EYC/,/files/ENCFF991EWH/,/files/ENCFF568ZEU/,/files/ENCFF045PTB/,/files/ENCFF958YCM/,/files/ENCFF885FFI/,/files/ENCFF310XGU/,/files/ENCFF748RJP/,/files/ENCFF939BLH/,/files/ENCFF309MSH/,/files/ENCFF004SRJ/,/files/ENCFF103SZL/,/files/ENCFF144YOU/,/files/ENCFF302BGP/,/files/ENCFF322NLT/,/files/ENCFF354KXB/,/files/ENCFF544HBF/,/files/ENCFF564KXX/,/files/ENCFF574WKW/,/files/ENCFF605ZMK/,/files/ENCFF608MDC/,/files/ENCFF726GVA/,/files/ENCFF736JPL/,/files/ENCFF851ZCU/	V40												annotation	element gene links			Roderic Guigo, CRG	ENCODE	/analysis-step-runs/e4f37b5e-661f-475a-8507-1681bb864707/	2023-07-21T18:35:25.429725+00:00	/analysis-step-versions/element-gene-link-prediction-step-v-1-1/			released	element gene regulatory interaction predictions
/files/ENCFF468LJV/	ENCFF468LJV	ENCFF468LJV	/annotations/ENCSR688ZHK/	GRCh38			bed	bed bed3+	bed3+	20620205	ChIP-seq,RNA-seq,HiC,DNase-seq	MDA-MB-231	mammary gland,exocrine gland,epithelium				/files/ENCFF468LJV/@@download/ENCFF468LJV.bed.gz	/files/ENCFF996HRG/,/files/ENCFF528WCE/	V40												annotation	element gene links			Roderic Guigo, CRG	ENCODE	/analysis-step-runs/e4f37b5e-661f-475a-8507-1681bb864707/	2023-07-21T18:32:58.100728+00:00	/analysis-step-versions/element-gene-link-prediction-step-v-1-1/			released	element gene regulatory interaction predictions
/files/ENCFF343KPN/	ENCFF343KPN	ENCFF343KPN	/annotations/ENCSR561STV/	GRCh38			bed	bed bed3+	bed3+	27747859	ChIP-seq,RNA-seq,HiC,ATAC-seq	lung	lung				/files/ENCFF343KPN/@@download/ENCFF343KPN.bed.gz	/files/ENCFF873ADB/,/files/ENCFF096HSN/,/files/ENCFF718QIK/,/files/ENCFF970BIN/,/files/ENCFF991RFX/,/files/ENCFF076GAE/,/files/ENCFF162MBG/,/files/ENCFF541GFC/,/files/ENCFF295AQG/,/files/ENCFF128BAY/,/files/ENCFF649YMN/,/files/ENCFF054VRQ/,/files/ENCFF155XCD/,/files/ENCFF174WAB/,/files/ENCFF375YPQ/,/files/ENCFF397ZHX/,/files/ENCFF441OEQ/,/files/ENCFF504NPN/,/files/ENCFF607SXR/,/files/ENCFF752LEN/,/files/ENCFF781ELK/,/files/ENCFF807WWP/	V40												annotation	element gene links			Roderic Guigo, CRG	ENCODE	/analysis-step-runs/e4f37b5e-661f-475a-8507-1681bb864707/	2023-07-21T18:45:01.413820+00:00	/analysis-step-versions/element-gene-link-prediction-step-v-1-1/			released	element gene regulatory interaction predictions
/files/ENCFF848TRJ/	ENCFF848TRJ	ENCFF848TRJ	/annotations/ENCSR680VGQ/	GRCh38			bed	bed bed3+	bed3+	14585572	ChIP-seq,RNA-seq,HiC,DNase-seq	MCF-7	mammary gland,exocrine gland,epithelium				/files/ENCFF848TRJ/@@download/ENCFF848TRJ.bed.gz	/files/ENCFF288CFV/,/files/ENCFF945PQB/,/files/ENCFF481ZAR/,/files/ENCFF180IVB/,/files/ENCFF814JMZ/,/files/ENCFF967AOT/,/files/ENCFF134YPW/,/files/ENCFF680ERD/,/files/ENCFF776XCM/,/files/ENCFF035PVK/,/files/ENCFF430MVM/	V40												annotation	element gene links			Roderic Guigo, CRG	ENCODE	/analysis-step-runs/e4f37b5e-661f-475a-8507-1681bb864707/	2023-07-21T18:32:06.104363+00:00	/analysis-step-versions/element-gene-link-prediction-step-v-1-1/			released	element gene regulatory interaction predictions
/files/ENCFF689IRR/	ENCFF689IRR	ENCFF689IRR	/annotations/ENCSR524FHD/	GRCh38			bed	bed bed3+	bed3+	21351179	ChIP-seq,RNA-seq,HiC,DNase-seq	T47D	mammary gland,exocrine gland,epithelium				/files/ENCFF689IRR/@@download/ENCFF689IRR.bed.gz	/files/ENCFF133DBB/,/files/ENCFF632FIP/,/files/ENCFF003TSN/,/files/ENCFF615UGM/,/files/ENCFF217XRA/,/files/ENCFF983ZOH/,/files/ENCFF629RNY/	V40												annotation	element gene links			Roderic Guigo, CRG	ENCODE	/analysis-step-runs/e4f37b5e-661f-475a-8507-1681bb864707/	2023-07-21T18:33:43.502933+00:00	/analysis-step-versions/element-gene-link-prediction-step-v-1-1/			released	element gene regulatory interaction predictions
/files/ENCFF073YDU/	ENCFF073YDU	ENCFF073YDU	/annotations/ENCSR380ETQ/	GRCh38			bed	bed bed3+	bed3+	15913098	ChIP-seq,RNA-seq,HiC,ATAC-seq	neural progenitor cell					/files/ENCFF073YDU/@@download/ENCFF073YDU.bed.gz	/files/ENCFF571SKK/,/files/ENCFF747MKY/,/files/ENCFF465IUD/,/files/ENCFF930LKP/	V40												annotation	element gene links			Roderic Guigo, CRG	ENCODE	/analysis-step-runs/e4f37b5e-661f-475a-8507-1681bb864707/	2023-07-21T18:28:42.585729+00:00	/analysis-step-versions/element-gene-link-prediction-step-v-1-1/			released	element gene regulatory interaction predictions
/files/ENCFF991KNC/	ENCFF991KNC	ENCFF991KNC	/annotations/ENCSR714BPP/	GRCh38			bed	bed bed3+	bed3+	13970432	ChIP-seq,RNA-seq,HiC,ATAC-seq	neuron					/files/ENCFF991KNC/@@download/ENCFF991KNC.bed.gz	/files/ENCFF494YSM/,/files/ENCFF133GQS/,/files/ENCFF628IGU/,/files/ENCFF789NRH/,/files/ENCFF552LNN/,/files/ENCFF856JAI/,/files/ENCFF148CTR/,/files/ENCFF376ZRJ/,/files/ENCFF309KNE/,/files/ENCFF801DIU/,/files/ENCFF903HCP/,/files/ENCFF192ULL/,/files/ENCFF542DIU/,/files/ENCFF668FDY/,/files/ENCFF156FUZ/,/files/ENCFF459HOI/,/files/ENCFF834TLI/,/files/ENCFF038BIZ/,/files/ENCFF265AKD/,/files/ENCFF372KXN/,/files/ENCFF376QJN/,/files/ENCFF399IZF/,/files/ENCFF402CVL/,/files/ENCFF429VQH/,/files/ENCFF545ZFO/,/files/ENCFF579KDF/,/files/ENCFF627PWI/,/files/ENCFF671SCY/,/files/ENCFF737ARX/,/files/ENCFF758AQR/	V40												annotation	element gene links			Roderic Guigo, CRG	ENCODE	/analysis-step-runs/e4f37b5e-661f-475a-8507-1681bb864707/	2023-07-21T18:31:08.290303+00:00	/analysis-step-versions/element-gene-link-prediction-step-v-1-1/			released	element gene regulatory interaction predictions
/files/ENCFF955SNQ/	ENCFF955SNQ	ENCFF955SNQ	/annotations/ENCSR000XHW/	GRCh38			bed	bed bed3+	bed3+	17735509	ChIP-seq,RNA-seq,HiC,ATAC-seq	RCC 7860	kidney,epithelium				/files/ENCFF955SNQ/@@download/ENCFF955SNQ.bed.gz	/files/ENCFF189JPM/,/files/ENCFF770DII/	V40												annotation	element gene links			Roderic Guigo, CRG	ENCODE	/analysis-step-runs/e4f37b5e-661f-475a-8507-1681bb864707/	2023-07-21T18:38:16.518307+00:00	/analysis-step-versions/element-gene-link-prediction-step-v-1-1/			released	element gene regulatory interaction predictions
/files/ENCFF112FDL/	ENCFF112FDL	ENCFF112FDL	/annotations/ENCSR212SOZ/	GRCh38			bed	bed bed3+	bed3+	14495220	ChIP-seq,RNA-seq,HiC,DNase-seq	intestinal epithelium	intestine,epithelium				/files/ENCFF112FDL/@@download/ENCFF112FDL.bed.gz	/files/ENCFF594OPK/,/files/ENCFF425MGP/,/files/ENCFF513MQT/,/files/ENCFF459MPN/	V40												annotation	element gene links			Roderic Guigo, CRG	ENCODE	/analysis-step-runs/e4f37b5e-661f-475a-8507-1681bb864707/	2023-07-21T18:36:35.125635+00:00	/analysis-step-versions/element-gene-link-prediction-step-v-1-1/			released	element gene regulatory interaction predictions
/files/ENCFF644GHI/	ENCFF644GHI	ENCFF644GHI	/annotations/ENCSR624RKM/	GRCh38			bed	bed bed3+	bed3+	15485245	ChIP-seq,RNA-seq,HiC,DNase-seq	monocyte	blood,bodily fluid				/files/ENCFF644GHI/@@download/ENCFF644GHI.bed.gz	/files/ENCFF815OBJ/,/files/ENCFF665EUR/,/files/ENCFF568RGF/,/files/ENCFF418GQQ/,/files/ENCFF185URC/,/files/ENCFF527BCW/,/files/ENCFF492OTB/,/files/ENCFF460ATD/,/files/ENCFF428JLL/,/files/ENCFF118DHW/,/files/ENCFF126QAN/,/files/ENCFF091GNW/,/files/ENCFF171ZHJ/,/files/ENCFF523ZCA/,/files/ENCFF572CMJ/,/files/ENCFF601NLG/,/files/ENCFF716ZMD/,/files/ENCFF749RKS/,/files/ENCFF779ZLB/,/files/ENCFF839BEU/	V40												annotation	element gene links			Roderic Guigo, CRG	ENCODE	/analysis-step-runs/e4f37b5e-661f-475a-8507-1681bb864707/	2023-07-21T18:20:11.942060+00:00	/analysis-step-versions/element-gene-link-prediction-step-v-1-1/			released	element gene regulatory interaction predictions
/files/ENCFF524DEQ/	ENCFF524DEQ	ENCFF524DEQ	/annotations/ENCSR831INH/	GRCh38			bed	bed bed3+	bed3+	11497014	ChIP-seq,RNA-seq,HiC,DNase-seq	erythroblast	bone marrow,bone element				/files/ENCFF524DEQ/@@download/ENCFF524DEQ.bed.gz	/files/ENCFF644GHO/,/files/ENCFF612AHU/	V40												annotation	element gene links			Roderic Guigo, CRG	ENCODE	/analysis-step-runs/e4f37b5e-661f-475a-8507-1681bb864707/	2023-07-21T18:17:41.486156+00:00	/analysis-step-versions/element-gene-link-prediction-step-v-1-1/			released	element gene regulatory interaction predictions
/files/ENCFF530VHI/	ENCFF530VHI	ENCFF530VHI	/annotations/ENCSR167VBG/	GRCh38			bed	bed bed3+	bed3+	14461739	ChIP-seq,RNA-seq,HiC,ATAC-seq	CD4-positive, alpha-beta memory T cell	blood,bodily fluid				/files/ENCFF530VHI/@@download/ENCFF530VHI.bed.gz	/files/ENCFF662KBS/,/files/ENCFF877HSG/,/files/ENCFF006IHK/,/files/ENCFF746DYT/,/files/ENCFF129BLW/,/files/ENCFF165YML/,/files/ENCFF289NXD/,/files/ENCFF412CXE/,/files/ENCFF429FTF/,/files/ENCFF435QDZ/,/files/ENCFF606OFL/,/files/ENCFF607ACU/,/files/ENCFF702OCF/,/files/ENCFF776XVZ/,/files/ENCFF810PQK/,/files/ENCFF868GED/,/files/ENCFF893MAP/	V40												annotation	element gene links			Roderic Guigo, CRG	ENCODE	/analysis-step-runs/e4f37b5e-661f-475a-8507-1681bb864707/	2023-07-21T18:04:52.715055+00:00	/analysis-step-versions/element-gene-link-prediction-step-v-1-1/			released	element gene regulatory interaction predictions
